{"cameraMode":{"drawMode":0,"name":"Shaded","section":"Shading Mode"},"sceneLighting":true,"audioPlay":false,"sceneViewState":{"showFog":true,"showMaterialUpdate":false,"showSkybox":true,"showFlares":true,"showImageEffects":true,"showParticleSystems":true},"in2DMode":false,"pivot":{"x":1.1900949478149415,"y":-2.905393362045288,"z":4.38129186630249},"rotation":{"x":-0.2770995795726776,"y":0.6422432065010071,"z":-0.26874715089797976,"w":-0.6622051000595093},"size":4.652088642120361,"orthographic":false}