{"cameraMode":{"drawMode":0,"name":"Shaded","section":"Shading Mode"},"sceneLighting":true,"audioPlay":false,"sceneViewState":{"showFog":true,"showMaterialUpdate":false,"showSkybox":true,"showFlares":true,"showImageEffects":true,"showParticleSystems":true},"in2DMode":false,"pivot":{"x":-12.970834732055664,"y":-13.074529647827149,"z":-8.99809455871582},"rotation":{"x":0.16015663743019105,"y":-0.8224309086799622,"z":0.2816959321498871,"w":0.4675787687301636},"size":16.371112823486329,"orthographic":false}