{"cameraMode":{"drawMode":0,"name":"Shaded","section":"Shading Mode"},"sceneLighting":true,"audioPlay":false,"sceneViewState":{"showFog":true,"showMaterialUpdate":false,"showSkybox":true,"showFlares":true,"showImageEffects":true,"showParticleSystems":true},"in2DMode":false,"pivot":{"x":1.532681941986084,"y":2.0366992950439455,"z":1.0390076637268067},"rotation":{"x":-0.12612222135066987,"y":0.8669429421424866,"z":-0.27704498171806338,"w":-0.39466261863708498},"size":3.596561908721924,"orthographic":false}